0;Дракон;01.png;02.png;03.png;04.png;05.png;06.png;07.png;08.png;00.png
0;Жительница;01.png;02.png;03.png;04.png;05.png;06.png;07.png;08.png;09.png;10.png;00.png
0;Йети;01.jpg;02.jpg;03.jpg;04.jpg;05.jpg;06.jpg;07.jpg;08.jpg;00.jpg
1;Колдун2;01.jpg;02.jpg;03.jpg;04.jpg;05.jpg;06.jpg;07.jpg;08.jpg;09.jpg;10.jpg;00.jpg
0;Королева лучниц;01.jpg;02.jpg;03.jpg;04.jpg;05.jpg;06.jpg;07.jpg;08.jpg;09.jpg;10.jpg;11.jpg;12.jpg;13.jpg;14.jpg;15.jpg;00.jpg
0;Король варваров;01.jpg;02.jpg;03.jpg;04.jpg;05.jpg;06.jpg;07.jpg;08.jpg;09.jpg;00.jpg
0;Король Варваров2;01.jpg;02.jpg;03.jpg;04.jpg;05.jpg;06.jpg;07.jpg;08.jpg;09.jpg;10.jpg;11.jpg;12.jpg;00.jpg
0;Лава;01.png;02.png;03.png;04.png;05.png;06.png;07.png;08.png;09.png;10.png;00.png
0;Логотип;01.jpg;02.jpg;03.jpg;04.jpg;05.jpg;00.jpg
0;Лучница;01.png;02.png;03.png;04.png;05.png;06.png;07.png;08.png;00.png
1;Маг;01.png;02.png;03.png;04.png;05.png;06.png;07.png;00.png
0;Мегарыцарь;01.jpg;02.jpg;03.jpg;04.jpg;05.jpg;06.jpg;07.jpg;08.jpg;09.jpg;10.jpg;00.jpg
0;Миньон;01.jpg;02.jpg;03.jpg;04.jpg;05.jpg;06.jpg;07.jpg;08.jpg;09.jpg;10.jpg;11.jpg;00.jpg
0;Охотница за головами;01.jpg;02.jpg;03.jpg;04.jpg;05.jpg;06.jpg;07.jpg;08.jpg;09.jpg;10.jpg;11.jpg;12.jpg;00.jpg
0;Пекка;01.png;02.png;03.png;04.png;05.png;06.png;07.png;08.png;09.png;00.png
0;Принц;01.jpg;02.jpg;03.jpg;04.jpg;05.jpg;06.jpg;07.jpg;08.jpg;09.jpg;10.jpg;11.jpg;12.jpg;13.jpg;00.jpg
0;Суперварвар;01.jpg;02.jpg;03.jpg;04.jpg;05.jpg;06.jpg;07.jpg;08.jpg;09.jpg;10.jpg;11.jpg;12.jpg;00.jpg
1;Хранитель;01.jpg;02.jpg;03.jpg;04.jpg;05.jpg;06.jpg;07.jpg;08.jpg;09.jpg;10.jpg;11.jpg;00.jpg
0;Целительница;01.jpg;02.jpg;03.jpg;04.jpg;05.jpg;06.jpg;07.jpg;08.jpg;09.jpg;10.jpg;11.jpg;12.jpg;00.jpg
0;Шахтер;01.jpg;02.jpg;03.jpg;04.jpg;05.jpg;06.jpg;07.jpg;08.jpg;09.jpg;00.jpg
0;Электродракон;01.jpg;02.jpg;03.jpg;04.jpg;05.jpg;06.jpg;07.jpg;08.jpg;09.jpg;10.jpg;00.jpg